{
  "mrc_file_path": "../Camera 230 mm Ceta 20210312 1333_50s_20f_area01.mrc",
  "center": [
    1218,
    1085
  ],
  "pixel_start_n": 68,
  "pixel_end_n": 1632,
  "ds": 0.001,
  "fit_at_q": 10.2541584213,
  "N": 146.528455178,
  "damping": 0.3,
  "rmax": 10.0,
  "dr": 0.01,
  "SS": 313291398.692322,
  "element_nums": [
    2,
    14,
    0,
    0,
    0
  ],
  "element_ratio": [
    1,
    2,
    0,
    0,
    0
  ]
}